frame,light_0_0_Wt,light_0_0_R,light_0_0_G,light_0_0_B,light_0_1_Wt,light_0_1_R,light_0_1_G,light_0_1_B,light_0_2_Wt,light_0_2_R,light_0_2_G,light_0_2_B,light_0_3_Wt,light_0_3_R,light_0_3_G,light_0_3_B,light_0_4_Wt,light_0_4_R,light_0_4_G,light_0_4_B,light_1_0_Wt,light_1_0_R,light_1_0_G,light_1_0_B,light_1_1_Wt,light_1_1_R,light_1_1_G,light_1_1_B,light_1_2_Wt,light_1_2_R,light_1_2_G,light_1_2_B,light_1_3_Wt,light_1_3_R,light_1_3_G,light_1_3_B,light_1_4_Wt,light_1_4_R,light_1_4_G,light_1_4_B,light_2_0_Wt,light_2_0_R,light_2_0_G,light_2_0_B,light_2_1_Wt,light_2_1_R,light_2_1_G,light_2_1_B,light_2_2_Wt,light_2_2_R,light_2_2_G,light_2_2_B,light_2_3_Wt,light_2_3_R,light_2_3_G,light_2_3_B,light_2_4_Wt,light_2_4_R,light_2_4_G,light_2_4_B,light_3_0_Wt,light_3_0_R,light_3_0_G,light_3_0_B,light_3_1_Wt,light_3_1_R,light_3_1_G,light_3_1_B,light_3_2_Wt,light_3_2_R,light_3_2_G,light_3_2_B,light_3_3_Wt,light_3_3_R,light_3_3_G,light_3_3_B,light_3_4_Wt,light_3_4_R,light_3_4_G,light_3_4_B,light_4_0_Wt,light_4_0_R,light_4_0_G,light_4_0_B,light_4_1_Wt,light_4_1_R,light_4_1_G,light_4_1_B,light_4_2_Wt,light_4_2_R,light_4_2_G,light_4_2_B,light_4_3_Wt,light_4_3_R,light_4_3_G,light_4_3_B,light_4_4_Wt,light_4_4_R,light_4_4_G,light_4_4_B
0.0,110.0,0.08235294117647059,0.08627450980392157,0.0784313725490196,110.0,0.08235294117647059,0.08627450980392157,0.0784313725490196,110.0,0.08235294117647059,0.08627450980392157,0.0784313725490196,0.0,0.0,0.0,0.0,192.0,0.1568627450980392,0.1607843137254902,0.16470588235294117,110.0,0.08235294117647059,0.08627450980392157,0.0784313725490196,110.0,0.08235294117647059,0.08627450980392157,0.0784313725490196,164.3915961482346,0.4,0.5019607843137255,0.6745098039215687,0.0,0.0,0.0,0.0,192.0,0.1568627450980392,0.1607843137254902,0.16470588235294117,0.0,0.0,0.0,0.0,164.3915961482346,0.4,0.5019607843137255,0.6745098039215687,164.3915961482346,0.4,0.5019607843137255,0.6745098039215687,164.3915961482346,0.4,0.5019607843137255,0.6745098039215687,0.0,0.0,0.0,0.0,0.0,0.0,0.0,0.0,0.0,0.0,0.0,0.0,164.3915961482346,0.4,0.5019607843137255,0.6745098039215687,0.0,0.0,0.0,0.0,0.0,0.0,0.0,0.0,984.0,0.7411764705882353,0.8352941176470589,0.8941176470588236,0.0,0.0,0.0,0.0,0.0,0.0,0.0,0.0,0.0,0.0,0.0,0.0,369.0,0.2784313725490196,0.3333333333333333,0.45098039215686275
1.0,111.0,0.08862745098039217,0.11764705882352941,0.14745098039215687,111.0,0.08862745098039217,0.11764705882352941,0.14745098039215687,111.0,0.08862745098039217,0.11764705882352941,0.14745098039215687,0.0,0.0,0.0,0.0,191.0,0.5615686274509805,0.6376470588235293,0.6854901960784314,111.0,0.08862745098039217,0.11764705882352941,0.14745098039215687,111.0,0.08862745098039217,0.11764705882352941,0.14745098039215687,183.72781065088756,0.34509803921568627,0.34509803921568627,0.4549019607843137,0.0,0.0,0.0,0.0,191.0,0.5615686274509805,0.6376470588235293,0.6854901960784314,0.0,0.0,0.0,0.0,183.72781065088756,0.34509803921568627,0.34509803921568627,0.4549019607843137,183.72781065088756,0.34509803921568627,0.34509803921568627,0.4549019607843137,183.72781065088756,0.34509803921568627,0.34509803921568627,0.4549019607843137,0.0,0.0,0.0,0.0,0.0,0.0,0.0,0.0,0.0,0.0,0.0,0.0,183.72781065088756,0.34509803921568627,0.34509803921568627,0.4549019607843137,0.0,0.0,0.0,0.0,0.0,0.0,0.0,0.0,960.0,0.8792156862745097,0.9356862745098039,0.9568627450980393,0.0,0.0,0.0,0.0,0.0,0.0,0.0,0.0,0.0,0.0,0.0,0.0,363.0,0.447843137254902,0.4933333333333334,0.5858823529411765
2.0,102.0,0.11498039215686275,0.14274509803921567,0.17380392156862745,102.0,0.11498039215686275,0.14274509803921567,0.17380392156862745,102.0,0.11498039215686275,0.14274509803921567,0.17380392156862745,167.0,0.4354509803921569,0.5071372549019607,0.5512156862745098,167.0,0.4354509803921569,0.5071372549019607,0.5512156862745098,102.0,0.11498039215686275,0.14274509803921567,0.17380392156862745,102.0,0.11498039215686275,0.14274509803921567,0.17380392156862745,342.3706397751694,0.5215686274509804,0.592156862745098,0.6666666666666666,0.0,0.0,0.0,0.0,167.0,0.4354509803921569,0.5071372549019607,0.5512156862745098,0.0,0.0,0.0,0.0,342.3706397751694,0.5215686274509804,0.592156862745098,0.6666666666666666,342.3706397751694,0.5215686274509804,0.592156862745098,0.6666666666666666,342.3706397751694,0.5215686274509804,0.592156862745098,0.6666666666666666,0.0,0.0,0.0,0.0,0.0,0.0,0.0,0.0,0.0,0.0,0.0,0.0,342.3706397751694,0.5215686274509804,0.592156862745098,0.6666666666666666,0.0,0.0,0.0,0.0,0.0,0.0,0.0,0.0,846.0,0.7468235294117647,0.795764705882353,0.8156862745098039,0.0,0.0,0.0,0.0,0.0,0.0,0.0,0.0,0.0,0.0,0.0,0.0,323.0,0.30603921568627446,0.3621960784313725,0.39011764705882357
3.0,109.0,0.10456470588235295,0.1132549019607843,0.09436862745098039,109.0,0.10456470588235295,0.1132549019607843,0.09436862745098039,109.0,0.10456470588235295,0.1132549019607843,0.09436862745098039,0.0,0.0,0.0,0.0,189.0,0.39454117647058823,0.4465254901960784,0.40828235294117643,109.0,0.10456470588235295,0.1132549019607843,0.09436862745098039,109.0,0.10456470588235295,0.1132549019607843,0.09436862745098039,140.8960086885691,0.6039215686274509,0.6470588235294118,0.5411764705882353,0.0,0.0,0.0,0.0,189.0,0.39454117647058823,0.4465254901960784,0.40828235294117643,0.0,0.0,0.0,0.0,140.8960086885691,0.6039215686274509,0.6470588235294118,0.5411764705882353,140.8960086885691,0.6039215686274509,0.6470588235294118,0.5411764705882353,140.8960086885691,0.6039215686274509,0.6470588235294118,0.5411764705882353,0.0,0.0,0.0,0.0,0.0,0.0,0.0,0.0,0.0,0.0,0.0,0.0,140.8960086885691,0.6039215686274509,0.6470588235294118,0.5411764705882353,0.0,0.0,0.0,0.0,0.0,0.0,0.0,0.0,764.0,0.8960313725490197,0.9183686274509805,0.8941176470588236,0.0,0.0,0.0,0.0,0.0,0.0,0.0,0.0,234.0,0.22434509803921568,0.24498823529411762,0.2129254901960784,234.0,0.22434509803921568,0.24498823529411762,0.2129254901960784
4.0,113.0,0.1369913725490196,0.1355921568627451,0.12240313725490197,113.0,0.1369913725490196,0.1355921568627451,0.12240313725490197,113.0,0.1369913725490196,0.1355921568627451,0.12240313725490197,0.0,0.0,0.0,0.0,217.0,0.36126117647058825,0.44381490196078427,0.46753882352941173,113.0,0.1369913725490196,0.1355921568627451,0.12240313725490197,113.0,0.1369913725490196,0.1355921568627451,0.12240313725490197,36.296751637627985,0.8941176470588236,0.9019607843137255,0.803921568627451,0.0,0.0,0.0,0.0,217.0,0.36126117647058825,0.44381490196078427,0.46753882352941173,0.0,0.0,0.0,0.0,36.296751637627985,0.8941176470588236,0.9019607843137255,0.803921568627451,36.296751637627985,0.8941176470588236,0.9019607843137255,0.803921568627451,36.296751637627985,0.8941176470588236,0.9019607843137255,0.803921568627451,0.0,0.0,0.0,0.0,0.0,0.0,0.0,0.0,0.0,0.0,0.0,0.0,36.296751637627985,0.8941176470588236,0.9019607843137255,0.803921568627451,0.0,0.0,0.0,0.0,0.0,0.0,0.0,0.0,566.0,0.571363137254902,0.6668109803921569,0.7027450980392156,0.0,0.0,0.0,0.0,0.0,0.0,0.0,0.0,208.0,0.22996705882352939,0.24978196078431372,0.23395764705882352,208.0,0.22996705882352939,0.24978196078431372,0.23395764705882352
5.0,101.0,0.027398274509803915,0.03966745098039215,0.04016690196078431,101.0,0.027398274509803915,0.03966745098039215,0.04016690196078431,101.0,0.027398274509803915,0.03966745098039215,0.04016690196078431,0.0,0.0,0.0,0.0,329.0,0.12872282352941175,0.18601788235294114,0.20644894117647056,101.0,0.027398274509803915,0.03966745098039215,0.04016690196078431,101.0,0.027398274509803915,0.03966745098039215,0.04016690196078431,12.07754762451228,0.16470588235294117,0.3215686274509804,0.37254901960784315,0.0,0.0,0.0,0.0,0.0,0.0,0.0,0.0,0.0,0.0,0.0,0.0,12.07754762451228,0.16470588235294117,0.3215686274509804,0.37254901960784315,12.07754762451228,0.16470588235294117,0.3215686274509804,0.37254901960784315,12.07754762451228,0.16470588235294117,0.3215686274509804,0.37254901960784315,0.0,0.0,0.0,0.0,0.0,0.0,0.0,0.0,0.0,0.0,0.0,0.0,12.07754762451228,0.16470588235294117,0.3215686274509804,0.37254901960784315,0.0,0.0,0.0,0.0,0.0,0.0,0.0,0.0,1066.0,0.6632922352941176,0.763950431372549,0.7021176470588236,0.0,0.0,0.0,0.0,0.0,0.0,0.0,0.0,237.0,0.06481694117647058,0.0970152156862745,0.1063993725490196,237.0,0.06481694117647058,0.0970152156862745,0.1063993725490196
6.0,101.0,0.01175416470588235,0.014207999999999997,0.014307890196078428,101.0,0.01175416470588235,0.014207999999999997,0.014307890196078428,101.0,0.01175416470588235,0.014207999999999997,0.014307890196078428,0.0,0.0,0.0,0.0,338.0,0.04456809411764705,0.08739965490196078,0.10717214117647057,101.0,0.01175416470588235,0.014207999999999997,0.014307890196078428,101.0,0.01175416470588235,0.014207999999999997,0.014307890196078428,2.7411167512690353,0.058823529411764705,0.11764705882352941,0.1411764705882353,0.0,0.0,0.0,0.0,0.0,0.0,0.0,0.0,0.0,0.0,0.0,0.0,2.7411167512690353,0.058823529411764705,0.11764705882352941,0.1411764705882353,2.7411167512690353,0.058823529411764705,0.11764705882352941,0.1411764705882353,2.7411167512690353,0.058823529411764705,0.11764705882352941,0.1411764705882353,0.0,0.0,0.0,0.0,0.0,0.0,0.0,0.0,0.0,0.0,0.0,0.0,2.7411167512690353,0.058823529411764705,0.11764705882352941,0.1411764705882353,0.0,0.0,0.0,0.0,0.0,0.0,0.0,0.0,979.0,0.15148197647058823,0.17788812549019606,0.1561098039215686,0.0,0.0,0.0,0.0,0.0,0.0,0.0,0.0,239.0,0.012963388235294113,0.031952062745098035,0.021279874509803915,239.0,0.012963388235294113,0.031952062745098035,0.021279874509803915
7.0,101.0,0.06509593098039215,0.0436259137254902,0.06560667607843138,101.0,0.06509593098039215,0.0436259137254902,0.06560667607843138,101.0,0.06509593098039215,0.0436259137254902,0.06560667607843138,0.0,0.0,0.0,0.0,338.0,0.059109697254901956,0.08963679372549019,0.10927756549019607,101.0,0.06509593098039215,0.0436259137254902,0.06560667607843138,101.0,0.06509593098039215,0.0436259137254902,0.06560667607843138,272.72727272727275,0.0392156862745098,0.12549019607843137,0.13725490196078433,0.0,0.0,0.0,0.0,0.0,0.0,0.0,0.0,0.0,0.0,0.0,0.0,272.72727272727275,0.0392156862745098,0.12549019607843137,0.13725490196078433,272.72727272727275,0.0392156862745098,0.12549019607843137,0.13725490196078433,272.72727272727275,0.0392156862745098,0.12549019607843137,0.13725490196078433,0.0,0.0,0.0,0.0,0.0,0.0,0.0,0.0,0.0,0.0,0.0,0.0,272.72727272727275,0.0392156862745098,0.12549019607843137,0.13725490196078433,0.0,0.0,0.0,0.0,0.0,0.0,0.0,0.0,984.0,0.11500227764705882,0.12655801725490196,0.1378886274509804,0.0,0.0,0.0,0.0,0.0,0.0,0.0,0.0,239.0,0.002592677647058822,0.05344923607843137,0.05445205333333333,239.0,0.002592677647058822,0.05344923607843137,0.05445205333333333
8.0,101.0,0.06948977443137254,0.0557840062745098,0.07272917835294117,101.0,0.06948977443137254,0.0557840062745098,0.07272917835294117,101.0,0.06948977443137254,0.0557840062745098,0.07272917835294117,0.0,0.0,0.0,0.0,338.0,0.090253312,0.09949598619607843,0.1253849248627451,101.0,0.06948977443137254,0.0557840062745098,0.07272917835294117,101.0,0.06948977443137254,0.0557840062745098,0.07272917835294117,230.2325581395349,0.027450980392156862,0.11764705882352941,0.13725490196078433,0.0,0.0,0.0,0.0,0.0,0.0,0.0,0.0,0.0,0.0,0.0,0.0,230.2325581395349,0.027450980392156862,0.11764705882352941,0.13725490196078433,230.2325581395349,0.027450980392156862,0.11764705882352941,0.13725490196078433,230.2325581395349,0.027450980392156862,0.11764705882352941,0.13725490196078433,0.0,0.0,0.0,0.0,0.0,0.0,0.0,0.0,0.0,0.0,0.0,0.0,230.2325581395349,0.027450980392156862,0.11764705882352941,0.13725490196078433,0.0,0.0,0.0,0.0,0.0,0.0,0.0,0.0,990.0,0.10456908298039216,0.1257037603137255,0.1405189019607843,0.0,0.0,0.0,0.0,0.0,0.0,0.0,0.0,239.0,0.019342064941176476,0.08284670996078432,0.09559629301960784,239.0,0.019342064941176476,0.08284670996078432,0.09559629301960784
9.0,103.0,0.02644697449411764,0.01115680125490196,0.0208203454745098,103.0,0.02644697449411764,0.01115680125490196,0.0208203454745098,103.0,0.02644697449411764,0.01115680125490196,0.0208203454745098,0.0,0.0,0.0,0.0,298.0,0.018050662399999997,0.019899197239215682,0.03135149477647058,103.0,0.02644697449411764,0.01115680125490196,0.0208203454745098,103.0,0.02644697449411764,0.01115680125490196,0.0208203454745098,0.02419940308139066,0.0392156862745098,0.0784313725490196,0.12156862745098039,0.0,0.0,0.0,0.0,0.0,0.0,0.0,0.0,0.0,0.0,0.0,0.0,0.02419940308139066,0.0392156862745098,0.0784313725490196,0.12156862745098039,0.02419940308139066,0.0392156862745098,0.0784313725490196,0.12156862745098039,0.02419940308139066,0.0392156862745098,0.0784313725490196,0.12156862745098039,0.0,0.0,0.0,0.0,0.0,0.0,0.0,0.0,0.0,0.0,0.0,0.0,0.02419940308139066,0.0392156862745098,0.0784313725490196,0.12156862745098039,0.0,0.0,0.0,0.0,0.0,0.0,0.0,0.0,1034.0,0.03346283620392156,0.028278006964705872,0.03437829019607842,0.0,0.0,0.0,0.0,0.0,0.0,0.0,0.0,246.0,0.003868412988235294,0.025981106698039217,0.019119258603921562,246.0,0.003868412988235294,0.025981106698039217,0.019119258603921562
10.0,103.0,0.06489723803607843,0.0022313602509803914,0.004164069094901959,103.0,0.06489723803607843,0.0022313602509803914,0.004164069094901959,103.0,0.06489723803607843,0.0022313602509803914,0.004164069094901959,0.0,0.0,0.0,0.0,298.0,0.05380621091137255,0.00711709434980392,0.006270298955294114,103.0,0.06489723803607843,0.0022313602509803914,0.004164069094901959,103.0,0.06489723803607843,0.0022313602509803914,0.004164069094901959,257.14285714285717,0.08235294117647059,0.00784313725490196,0.00784313725490196,0.0,0.0,0.0,0.0,0.0,0.0,0.0,0.0,0.0,0.0,0.0,0.0,257.14285714285717,0.08235294117647059,0.00784313725490196,0.00784313725490196,257.14285714285717,0.08235294117647059,0.00784313725490196,0.00784313725490196,257.14285714285717,0.08235294117647059,0.00784313725490196,0.00784313725490196,0.0,0.0,0.0,0.0,0.0,0.0,0.0,0.0,0.0,0.0,0.0,0.0,257.14285714285717,0.08235294117647059,0.00784313725490196,0.00784313725490196,0.0,0.0,0.0,0.0,0.0,0.0,0.0,0.0,1040.0,0.06316315547607844,0.01820462100078431,0.013150167843137252,0.0,0.0,0.0,0.0,0.0,0.0,0.0,0.0,246.0,0.060381525734901964,0.02401975075137255,0.010098361524705881,246.0,0.060381525734901964,0.02401975075137255,0.010098361524705881
11.0,103.0,0.08199905545035295,0.0004462720501960782,0.003970068720941176,103.0,0.08199905545035295,0.0004462720501960782,0.003970068720941176,103.0,0.08199905545035295,0.0004462720501960782,0.003970068720941176,0.0,0.0,0.0,0.0,298.0,0.10174163433913727,0.007697928673882352,0.004391314693019607,103.0,0.08199905545035295,0.0004462720501960782,0.003970068720941176,103.0,0.08199905545035295,0.0004462720501960782,0.003970068720941176,33.333333333333336,0.23529411764705882,0.011764705882352941,0.01568627450980392,0.0,0.0,0.0,0.0,0.0,0.0,0.0,0.0,0.0,0.0,0.0,0.0,33.333333333333336,0.23529411764705882,0.011764705882352941,0.01568627450980392,33.333333333333336,0.23529411764705882,0.011764705882352941,0.01568627450980392,33.333333333333336,0.23529411764705882,0.011764705882352941,0.01568627450980392,0.0,0.0,0.0,0.0,0.0,0.0,0.0,0.0,0.0,0.0,0.0,0.0,33.333333333333336,0.23529411764705882,0.011764705882352941,0.01568627450980392,0.0,0.0,0.0,0.0,0.0,0.0,0.0,0.0,1047.0,0.1287110624677647,0.00991543400407843,0.008904543372549019,0.0,0.0,0.0,0.0,0.0,0.0,0.0,0.0,246.0,0.040311599264627455,0.011078459954196079,0.0020196723049411757,246.0,0.040311599264627455,0.011078459954196079,0.0020196723049411757
12.0,103.0,0.016399811090070587,0.00950101911592157,0.03216656276379608,103.0,0.016399811090070587,0.00950101911592157,0.03216656276379608,103.0,0.016399811090070587,0.00950101911592157,0.03216656276379608,0.0,0.0,0.0,0.0,299.0,0.06740715039723923,0.023500370048501962,0.01342728254644706,103.0,0.016399811090070587,0.00950101911592157,0.03216656276379608,103.0,0.016399811090070587,0.00950101911592157,0.03216656276379608,117.3913043478261,0.07450980392156863,0.0,0.00784313725490196,0.0,0.0,0.0,0.0,0.0,0.0,0.0,0.0,0.0,0.0,0.0,0.0,117.3913043478261,0.07450980392156863,0.0,0.00784313725490196,117.3913043478261,0.07450980392156863,0.0,0.00784313725490196,117.3913043478261,0.07450980392156863,0.0,0.00784313725490196,0.0,0.0,0.0,0.0,0.0,0.0,0.0,0.0,0.0,0.0,0.0,0.0,117.3913043478261,0.07450980392156863,0.0,0.00784313725490196,0.0,0.0,0.0,0.0,0.0,0.0,0.0,0.0,1053.0,0.028879467395513718,0.03649289072238431,0.011192673380392157,0.0,0.0,0.0,0.0,0.0,0.0,0.0,0.0,246.0,0.008062319852925487,0.0022156919908392155,0.00040393446098823505,246.0,0.008062319852925487,0.0022156919908392155,0.00040393446098823505
13.0,121.0,0.58680937398272,0.6544492234310274,0.6621195870625632,121.0,0.58680937398272,0.6544492234310274,0.6621195870625632,121.0,0.58680937398272,0.6544492234310274,0.6621195870625632,0.0,0.0,0.0,0.0,259.0,0.24877554772650667,0.24313144655872002,0.21915604474458356,121.0,0.58680937398272,0.6544492234310274,0.6621195870625632,121.0,0.58680937398272,0.6544492234310274,0.6621195870625632,133.23481781376518,0.4666666666666667,0.5490196078431373,0.5764705882352941,0.0,0.0,0.0,0.0,259.0,0.24877554772650667,0.24313144655872002,0.21915604474458356,0.0,0.0,0.0,0.0,133.23481781376518,0.4666666666666667,0.5490196078431373,0.5764705882352941,133.23481781376518,0.4666666666666667,0.5490196078431373,0.5764705882352941,133.23481781376518,0.4666666666666667,0.5490196078431373,0.5764705882352941,0.0,0.0,0.0,0.0,0.0,0.0,0.0,0.0,0.0,0.0,0.0,0.0,133.23481781376518,0.4666666666666667,0.5490196078431373,0.5764705882352941,0.0,0.0,0.0,0.0,0.0,0.0,0.0,0.0,326.0,0.1344033444594949,0.1422005389287906,0.12145422095058825,0.0,0.0,0.0,0.0,0.0,0.0,0.0,0.0,206.0,0.06435756200980078,0.06632549133934432,0.05655137512749177,206.0,0.06435756200980078,0.06632549133934432,0.05655137512749177
14.0,110.0,0.8106952081298774,0.8681447466469897,0.8288945056478069,110.0,0.8106952081298774,0.8681447466469897,0.8288945056478069,110.0,0.8106952081298774,0.8681447466469897,0.8288945056478069,0.0,0.0,0.0,0.0,219.0,0.3572060899374582,0.4094106030372342,0.3826547383606814,110.0,0.8106952081298774,0.8681447466469897,0.8288945056478069,110.0,0.8106952081298774,0.8681447466469897,0.8288945056478069,113.02723613770466,0.611764705882353,0.7215686274509804,0.6901960784313725,0.0,0.0,0.0,0.0,219.0,0.3572060899374582,0.4094106030372342,0.3826547383606814,0.0,0.0,0.0,0.0,113.02723613770466,0.611764705882353,0.7215686274509804,0.6901960784313725,113.02723613770466,0.611764705882353,0.7215686274509804,0.6901960784313725,113.02723613770466,0.611764705882353,0.7215686274509804,0.6901960784313725,0.0,0.0,0.0,0.0,264.0,0.1994296884997421,0.21667540190340515,0.18742809909207844,0.0,0.0,0.0,0.0,113.02723613770466,0.611764705882353,0.7215686274509804,0.6901960784313725,0.0,0.0,0.0,0.0,151.0,0.08816563004901899,0.09483372571884925,0.0834671377705964,264.0,0.1994296884997421,0.21667540190340515,0.18742809909207844,0.0,0.0,0.0,0.0,0.0,0.0,0.0,0.0,151.0,0.08816563004901899,0.09483372571884925,0.0834671377705964,151.0,0.08816563004901899,0.09483372571884925,0.0834671377705964
15.0,113.0,0.8460606102534265,0.8951975767803784,0.8653867442668163,113.0,0.8460606102534265,0.8951975767803784,0.8653867442668163,113.0,0.8460606102534265,0.8951975767803784,0.8653867442668163,0.0,0.0,0.0,0.0,220.0,0.5263431787718054,0.5869801598231331,0.5784917319858617,113.0,0.8460606102534265,0.8951975767803784,0.8653867442668163,113.0,0.8460606102534265,0.8951975767803784,0.8653867442668163,250.64303145539202,0.36470588235294116,0.42745098039215684,0.4627450980392157,0.0,0.0,0.0,0.0,220.0,0.5263431787718054,0.5869801598231331,0.5784917319858617,0.0,0.0,0.0,0.0,250.64303145539202,0.36470588235294116,0.42745098039215684,0.4627450980392157,250.64303145539202,0.36470588235294116,0.42745098039215684,0.4627450980392157,250.64303145539202,0.36470588235294116,0.42745098039215684,0.4627450980392157,0.0,0.0,0.0,0.0,246.0,0.21870946711171313,0.24098213920421047,0.22572091393606275,0.0,0.0,0.0,0.0,250.64303145539202,0.36470588235294116,0.42745098039215684,0.4627450980392157,0.0,0.0,0.0,0.0,152.0,0.13057430248039203,0.13818243141827966,0.12963460402470753,246.0,0.21870946711171313,0.24098213920421047,0.22572091393606275,0.0,0.0,0.0,0.0,0.0,0.0,0.0,0.0,152.0,0.13057430248039203,0.13818243141827966,0.12963460402470753,152.0,0.13057430248039203,0.13818243141827966,0.12963460402470753
16.0,118.0,0.8594082004820578,0.9288434369247032,0.9417047998337553,118.0,0.8594082004820578,0.9288434369247032,0.9417047998337553,118.0,0.8594082004820578,0.9288434369247032,0.9417047998337553,0.0,0.0,0.0,0.0,223.0,0.5884058906563219,0.6758274045136463,0.6929532483579567,118.0,0.8594082004820578,0.9288434369247032,0.9417047998337553,118.0,0.8594082004820578,0.9288434369247032,0.9417047998337553,351.5907498248073,0.396078431372549,0.4745098039215686,0.5725490196078431,0.0,0.0,0.0,0.0,223.0,0.5884058906563219,0.6758274045136463,0.6929532483579567,0.0,0.0,0.0,0.0,351.5907498248073,0.396078431372549,0.4745098039215686,0.5725490196078431,351.5907498248073,0.396078431372549,0.4745098039215686,0.5725490196078431,351.5907498248073,0.396078431372549,0.4745098039215686,0.5725490196078431,0.0,0.0,0.0,0.0,227.0,0.25707522675567596,0.2740787807820186,0.2678892808264282,0.0,0.0,0.0,0.0,351.5907498248073,0.396078431372549,0.4745098039215686,0.5725490196078431,0.0,0.0,0.0,0.0,148.0,0.1672913310843137,0.16567570196993045,0.1608288815892552,227.0,0.25707522675567596,0.2740787807820186,0.2678892808264282,0.0,0.0,0.0,0.0,0.0,0.0,0.0,0.0,148.0,0.1672913310843137,0.16567570196993045,0.1608288815892552,148.0,0.1672913310843137,0.16567570196993045,0.1608288815892552
17.0,113.0,0.7585483067630783,0.835180452090823,0.8785370383981236,113.0,0.7585483067630783,0.835180452090823,0.8785370383981236,113.0,0.7585483067630783,0.835180452090823,0.8785370383981236,0.0,0.0,0.0,0.0,207.0,0.4627792173469506,0.5681066573733174,0.6970220222206109,113.0,0.7585483067630783,0.835180452090823,0.8785370383981236,113.0,0.7585483067630783,0.835180452090823,0.8785370383981236,357.4649085495534,0.2823529411764706,0.35294117647058826,0.5058823529411764,0.0,0.0,0.0,0.0,207.0,0.4627792173469506,0.5681066573733174,0.6970220222206109,0.0,0.0,0.0,0.0,357.4649085495534,0.2823529411764706,0.35294117647058826,0.5058823529411764,357.4649085495534,0.2823529411764706,0.35294117647058826,0.5058823529411764,357.4649085495534,0.2823529411764706,0.35294117647058826,0.5058823529411764,0.0,0.0,0.0,0.0,195.0,0.1863170061354489,0.20540399145052138,0.24181315028293268,0.0,0.0,0.0,0.0,357.4649085495534,0.2823529411764706,0.35294117647058826,0.5058823529411764,137.0,0.10561512896196078,0.10215474823712334,0.120008913572753,137.0,0.10561512896196078,0.10215474823712334,0.120008913572753,195.0,0.1863170061354489,0.20540399145052138,0.24181315028293268,0.0,0.0,0.0,0.0,0.0,0.0,0.0,0.0,137.0,0.10561512896196078,0.10215474823712334,0.120008913572753,137.0,0.10561512896196078,0.10215474823712334,0.120008913572753
18.0,113.0,0.6317096613526156,0.772526286496596,0.856491721405115,113.0,0.6317096613526156,0.772526286496596,0.856491721405115,113.0,0.6317096613526156,0.772526286496596,0.856491721405115,0.0,0.0,0.0,0.0,207.0,0.4784381964105666,0.6500919197099576,0.7762671495421614,113.0,0.6317096613526156,0.772526286496596,0.856491721405115,113.0,0.6317096613526156,0.772526286496596,0.856491721405115,208.29063809967397,0.34901960784313724,0.396078431372549,0.5725490196078431,0.0,0.0,0.0,0.0,207.0,0.4784381964105666,0.6500919197099576,0.7762671495421614,0.0,0.0,0.0,0.0,208.29063809967397,0.34901960784313724,0.396078431372549,0.5725490196078431,208.29063809967397,0.34901960784313724,0.396078431372549,0.5725490196078431,208.29063809967397,0.34901960784313724,0.396078431372549,0.5725490196078431,0.0,0.0,0.0,0.0,196.0,0.3635379110310114,0.44578668064304544,0.5283626300565866,0.0,0.0,0.0,0.0,208.29063809967397,0.34901960784313724,0.396078431372549,0.5725490196078431,137.0,0.2344563591257255,0.2525878123925227,0.3314527631067075,137.0,0.2344563591257255,0.2525878123925227,0.3314527631067075,196.0,0.3635379110310114,0.44578668064304544,0.5283626300565866,0.0,0.0,0.0,0.0,0.0,0.0,0.0,0.0,137.0,0.2344563591257255,0.2525878123925227,0.3314527631067075,137.0,0.2344563591257255,0.2525878123925227,0.3314527631067075
19.0,113.0,0.6910478146234642,0.7913680023973584,0.8363963834967094,113.0,0.6910478146234642,0.7913680023973584,0.8363963834967094,113.0,0.6910478146234642,0.7913680023973584,0.8363963834967094,0.0,0.0,0.0,0.0,207.0,0.5850994039879956,0.6288419133537563,0.6227044103005891,113.0,0.6910478146234642,0.7913680023973584,0.8363963834967094,113.0,0.6910478146234642,0.7913680023973584,0.8363963834967094,181.11455108359132,0.38823529411764707,0.3843137254901961,0.5529411764705883,0.0,0.0,0.0,0.0,207.0,0.5850994039879956,0.6288419133537563,0.6227044103005891,0.0,0.0,0.0,0.0,181.11455108359132,0.38823529411764707,0.3843137254901961,0.5529411764705883,181.11455108359132,0.38823529411764707,0.3843137254901961,0.5529411764705883,181.11455108359132,0.38823529411764707,0.3843137254901961,0.5529411764705883,0.0,0.0,0.0,0.0,196.0,0.4021193469120846,0.512686747893315,0.6076333103250428,0.0,0.0,0.0,0.0,181.11455108359132,0.38823529411764707,0.3843137254901961,0.5529411764705883,137.0,0.2288520561388706,0.26071364090987703,0.3611925134056552,137.0,0.2288520561388706,0.26071364090987703,0.3611925134056552,196.0,0.4021193469120846,0.512686747893315,0.6076333103250428,0.0,0.0,0.0,0.0,0.0,0.0,0.0,0.0,137.0,0.2288520561388706,0.26071364090987703,0.3611925134056552,137.0,0.2288520561388706,0.26071364090987703,0.3611925134056552
20.0,113.0,0.571150739395281,0.6508226200873148,0.7602204531699301,113.0,0.571150739395281,0.6508226200873148,0.7602204531699301,113.0,0.571150739395281,0.6508226200873148,0.7602204531699301,0.0,0.0,0.0,0.0,207.0,0.2236865474642658,0.20106250031781006,0.19042323500129427,113.0,0.571150739395281,0.6508226200873148,0.7602204531699301,113.0,0.571150739395281,0.6508226200873148,0.7602204531699301,75.43520309477756,0.2823529411764706,0.23529411764705882,0.4235294117647059,0.0,0.0,0.0,0.0,207.0,0.2236865474642658,0.20106250031781006,0.19042323500129427,0.0,0.0,0.0,0.0,75.43520309477756,0.2823529411764706,0.23529411764705882,0.4235294117647059,75.43520309477756,0.2823529411764706,0.23529411764705882,0.4235294117647059,75.43520309477756,0.2823529411764706,0.23529411764705882,0.4235294117647059,0.0,0.0,0.0,0.0,196.0,0.39414935957849534,0.4444981338923885,0.6078011718689301,0.0,0.0,0.0,0.0,75.43520309477756,0.2823529411764706,0.23529411764705882,0.4235294117647059,136.0,0.08655472495326431,0.0960642968094264,0.12243458111250358,136.0,0.08655472495326431,0.0960642968094264,0.12243458111250358,196.0,0.39414935957849534,0.4444981338923885,0.6078011718689301,0.0,0.0,0.0,0.0,0.0,0.0,0.0,0.0,136.0,0.08655472495326431,0.0960642968094264,0.12243458111250358,136.0,0.08655472495326431,0.0960642968094264,0.12243458111250358
21.0,115.0,0.6193281870947425,0.6980076612723649,0.8045931102418291,115.0,0.6193281870947425,0.6980076612723649,0.8045931102418291,115.0,0.6193281870947425,0.6980076612723649,0.8045931102418291,0.0,0.0,0.0,0.0,202.0,0.21728632910069628,0.20021250006356203,0.18553562739241572,115.0,0.6193281870947425,0.6980076612723649,0.8045931102418291,115.0,0.6193281870947425,0.6980076612723649,0.8045931102418291,254.39708445571225,0.25882352941176473,0.2901960784313726,0.4588235294117647,0.0,0.0,0.0,0.0,202.0,0.21728632910069628,0.20021250006356203,0.18553562739241572,0.0,0.0,0.0,0.0,254.39708445571225,0.25882352941176473,0.2901960784313726,0.4588235294117647,254.39708445571225,0.25882352941176473,0.2901960784313726,0.4588235294117647,254.39708445571225,0.25882352941176473,0.2901960784313726,0.4588235294117647,0.0,0.0,0.0,0.0,198.0,0.4082416366215814,0.4057623718765169,0.4478347441777076,0.0,0.0,0.0,0.0,254.39708445571225,0.25882352941176473,0.2901960784313726,0.4588235294117647,135.0,0.11456584695143718,0.11019325151874802,0.09350652406563797,135.0,0.11456584695143718,0.11019325151874802,0.09350652406563797,198.0,0.4082416366215814,0.4057623718765169,0.4478347441777076,0.0,0.0,0.0,0.0,0.0,0.0,0.0,0.0,135.0,0.11456584695143718,0.11019325151874802,0.09350652406563797,135.0,0.11456584695143718,0.11019325151874802,0.09350652406563797
22.0,115.0,0.7230813236934583,0.7576407479407475,0.8322911710679737,115.0,0.7230813236934583,0.7576407479407475,0.8322911710679737,115.0,0.7230813236934583,0.7576407479407475,0.8322911710679737,0.0,0.0,0.0,0.0,202.0,0.35090824621229616,0.366317009816634,0.4104404588118165,115.0,0.7230813236934583,0.7576407479407475,0.8322911710679737,115.0,0.7230813236934583,0.7576407479407475,0.8322911710679737,83.74531835205993,0.5725490196078431,0.6352941176470588,0.5098039215686274,0.0,0.0,0.0,0.0,202.0,0.35090824621229616,0.366317009816634,0.4104404588118165,0.0,0.0,0.0,0.0,83.74531835205993,0.5725490196078431,0.6352941176470588,0.5098039215686274,83.74531835205993,0.5725490196078431,0.6352941176470588,0.5098039215686274,83.74531835205993,0.5725490196078431,0.6352941176470588,0.5098039215686274,0.0,0.0,0.0,0.0,198.0,0.5992953861478456,0.6333093371204015,0.7138806743257377,0.0,0.0,0.0,0.0,83.74531835205993,0.5725490196078431,0.6352941176470588,0.5098039215686274,135.0,0.1515406203706796,0.1412543365782594,0.1755640499111668,135.0,0.1515406203706796,0.1412543365782594,0.1755640499111668,198.0,0.5992953861478456,0.6333093371204015,0.7138806743257377,0.0,0.0,0.0,0.0,0.0,0.0,0.0,0.0,135.0,0.1515406203706796,0.1412543365782594,0.1755640499111668,135.0,0.1515406203706796,0.1412543365782594,0.1755640499111668
